,Entity,Code,Year,all years
0,American Samoa,ASM,1950,19070
1,American Samoa,ASM,1951,19450
2,American Samoa,ASM,1952,19576
3,American Samoa,ASM,1953,19691
4,American Samoa,ASM,1954,19782
5,American Samoa,ASM,1955,19877
6,American Samoa,ASM,1956,19960
7,American Samoa,ASM,1957,19983
8,American Samoa,ASM,1958,19950
9,American Samoa,ASM,1959,19931
10,American Samoa,ASM,1960,20159
11,American Samoa,ASM,1961,20686
12,American Samoa,ASM,1962,21317
13,American Samoa,ASM,1963,21992
14,American Samoa,ASM,1964,22692
15,American Samoa,ASM,1965,23429
16,American Samoa,ASM,1966,24157
17,American Samoa,ASM,1967,24891
18,American Samoa,ASM,1968,25629
19,American Samoa,ASM,1969,26393
20,American Samoa,ASM,1970,27052
21,American Samoa,ASM,1971,27556
22,American Samoa,ASM,1972,28019
23,American Samoa,ASM,1973,28465
24,American Samoa,ASM,1974,28896
25,American Samoa,ASM,1975,29407
26,American Samoa,ASM,1976,29981
27,American Samoa,ASM,1977,30543
28,American Samoa,ASM,1978,31098
29,American Samoa,ASM,1979,31632
30,American Samoa,ASM,1980,32427
31,American Samoa,ASM,1981,33606
32,American Samoa,ASM,1982,34937
33,American Samoa,ASM,1983,36291
34,American Samoa,ASM,1984,37690
35,American Samoa,ASM,1985,39128
36,American Samoa,ASM,1986,40588
37,American Samoa,ASM,1987,42095
38,American Samoa,ASM,1988,43634
39,American Samoa,ASM,1989,45207
40,American Samoa,ASM,1990,46659
41,American Samoa,ASM,1991,47903
42,American Samoa,ASM,1992,49054
43,American Samoa,ASM,1993,50178
44,American Samoa,ASM,1994,51273
45,American Samoa,ASM,1995,52339
46,American Samoa,ASM,1996,53378
47,American Samoa,ASM,1997,54385
48,American Samoa,ASM,1998,55354
49,American Samoa,ASM,1999,56267
50,American Samoa,ASM,2000,56877
51,American Samoa,ASM,2001,57072
52,American Samoa,ASM,2002,57081
53,American Samoa,ASM,2003,56988
54,American Samoa,ASM,2004,56841
55,American Samoa,ASM,2005,56638
56,American Samoa,ASM,2006,56391
57,American Samoa,ASM,2007,56134
58,American Samoa,ASM,2008,55848
59,American Samoa,ASM,2009,55542
60,American Samoa,ASM,2010,55246
61,American Samoa,ASM,2011,54917
62,American Samoa,ASM,2012,54506
63,American Samoa,ASM,2013,54026
64,American Samoa,ASM,2014,53489
65,American Samoa,ASM,2015,52896
66,American Samoa,ASM,2016,52260
67,American Samoa,ASM,2017,51605
68,American Samoa,ASM,2018,50927
69,American Samoa,ASM,2019,50230
70,American Samoa,ASM,2020,49779
71,American Samoa,ASM,2021,49249
72,American Samoa,ASM,2022,48365
73,American Samoa,ASM,2023,47544
74,Cook Islands,COK,1950,14714
75,Cook Islands,COK,1951,15075
76,Cook Islands,COK,1952,15363
77,Cook Islands,COK,1953,15631
78,Cook Islands,COK,1954,15908
79,Cook Islands,COK,1955,16189
80,Cook Islands,COK,1956,16455
81,Cook Islands,COK,1957,16710
82,Cook Islands,COK,1958,16988
83,Cook Islands,COK,1959,17315
84,Cook Islands,COK,1960,17685
85,Cook Islands,COK,1961,18060
86,Cook Islands,COK,1962,18310
87,Cook Islands,COK,1963,18445
88,Cook Islands,COK,1964,18609
89,Cook Islands,COK,1965,18804
90,Cook Islands,COK,1966,19039
91,Cook Islands,COK,1967,19348
92,Cook Islands,COK,1968,19712
93,Cook Islands,COK,1969,20100
94,Cook Islands,COK,1970,20512
95,Cook Islands,COK,1971,20889
96,Cook Islands,COK,1972,20795
97,Cook Islands,COK,1973,20211
98,Cook Islands,COK,1974,19583
99,Cook Islands,COK,1975,18920
100,Cook Islands,COK,1976,18270
101,Cook Islands,COK,1977,17933
102,Cook Islands,COK,1978,17872
103,Cook Islands,COK,1979,17799
104,Cook Islands,COK,1980,17719
105,Cook Islands,COK,1981,17623
106,Cook Islands,COK,1982,17498
107,Cook Islands,COK,1983,17304
108,Cook Islands,COK,1984,17085
109,Cook Islands,COK,1985,16853
110,Cook Islands,COK,1986,16626
111,Cook Islands,COK,1987,16601
112,Cook Islands,COK,1988,16771
113,Cook Islands,COK,1989,16958
114,Cook Islands,COK,1990,17146
115,Cook Islands,COK,1991,17329
116,Cook Islands,COK,1992,17495
117,Cook Islands,COK,1993,17615
118,Cook Islands,COK,1994,17710
119,Cook Islands,COK,1995,17801
120,Cook Islands,COK,1996,17880
121,Cook Islands,COK,1997,17648
122,Cook Islands,COK,1998,17102
123,Cook Islands,COK,1999,16508
124,Cook Islands,COK,2000,15876
125,Cook Islands,COK,2001,15259
126,Cook Islands,COK,2002,14994
127,Cook Islands,COK,2003,15049
128,Cook Islands,COK,2004,15103
129,Cook Islands,COK,2005,15153
130,Cook Islands,COK,2006,15233
131,Cook Islands,COK,2007,15519
132,Cook Islands,COK,2008,16003
133,Cook Islands,COK,2009,16497
134,Cook Islands,COK,2010,17000
135,Cook Islands,COK,2011,17480
136,Cook Islands,COK,2012,17690
137,Cook Islands,COK,2013,17629
138,Cook Islands,COK,2014,17556
139,Cook Islands,COK,2015,17471
140,Cook Islands,COK,2016,17360
141,Cook Islands,COK,2017,17066
142,Cook Islands,COK,2018,16623
143,Cook Islands,COK,2019,16151
144,Cook Islands,COK,2020,15664
145,Cook Islands,COK,2021,15205
146,Cook Islands,COK,2022,14747
147,Cook Islands,COK,2023,14244
148,Fiji,FJI,1950,309525
149,Fiji,FJI,1951,316137
150,Fiji,FJI,1952,323374
151,Fiji,FJI,1953,331225
152,Fiji,FJI,1954,339754
153,Fiji,FJI,1955,349084
154,Fiji,FJI,1956,359218
155,Fiji,FJI,1957,369923
156,Fiji,FJI,1958,381079
157,Fiji,FJI,1959,392770
158,Fiji,FJI,1960,404901
159,Fiji,FJI,1961,417418
160,Fiji,FJI,1962,430550
161,Fiji,FJI,1963,444288
162,Fiji,FJI,1964,458333
163,Fiji,FJI,1965,472583
164,Fiji,FJI,1966,486493
165,Fiji,FJI,1967,498881
166,Fiji,FJI,1968,510008
167,Fiji,FJI,1969,520805
168,Fiji,FJI,1970,531198
169,Fiji,FJI,1971,541132
170,Fiji,FJI,1972,550508
171,Fiji,FJI,1973,559232
172,Fiji,FJI,1974,567498
173,Fiji,FJI,1975,575919
174,Fiji,FJI,1976,585544
175,Fiji,FJI,1977,597811
176,Fiji,FJI,1978,612101
177,Fiji,FJI,1979,626876
178,Fiji,FJI,1980,641985
179,Fiji,FJI,1981,657473
180,Fiji,FJI,1982,673422
181,Fiji,FJI,1983,689845
182,Fiji,FJI,1984,706722
183,Fiji,FJI,1985,723767
184,Fiji,FJI,1986,739320
185,Fiji,FJI,1987,750551
186,Fiji,FJI,1988,758707
187,Fiji,FJI,1989,766331
188,Fiji,FJI,1990,773325
189,Fiji,FJI,1991,779666
190,Fiji,FJI,1992,785349
191,Fiji,FJI,1993,790380
192,Fiji,FJI,1994,794779
193,Fiji,FJI,1995,798750
194,Fiji,FJI,1996,803788
195,Fiji,FJI,1997,812145
196,Fiji,FJI,1998,822259
197,Fiji,FJI,1999,831835
198,Fiji,FJI,2000,840913
199,Fiji,FJI,2001,849606
200,Fiji,FJI,2002,858057
201,Fiji,FJI,2003,866297
202,Fiji,FJI,2004,874369
203,Fiji,FJI,2005,882384
204,Fiji,FJI,2006,890370
205,Fiji,FJI,2007,897843
206,Fiji,FJI,2008,903403
207,Fiji,FJI,2009,907248
208,Fiji,FJI,2010,910427
209,Fiji,FJI,2011,912991
210,Fiji,FJI,2012,914920
211,Fiji,FJI,2013,916359
212,Fiji,FJI,2014,917589
213,Fiji,FJI,2015,918585
214,Fiji,FJI,2016,919167
215,Fiji,FJI,2017,918762
216,Fiji,FJI,2018,917185
217,Fiji,FJI,2019,914906
218,Fiji,FJI,2020,914971
219,Fiji,FJI,2021,916718
220,Fiji,FJI,2022,919428
221,Fiji,FJI,2023,924150
222,French Polynesia,PYF,1950,64360
223,French Polynesia,PYF,1951,65925
224,French Polynesia,PYF,1952,67638
225,French Polynesia,PYF,1953,69505
226,French Polynesia,PYF,1954,71577
227,French Polynesia,PYF,1955,73862
228,French Polynesia,PYF,1956,76343
229,French Polynesia,PYF,1957,78456
230,French Polynesia,PYF,1958,80162
231,French Polynesia,PYF,1959,81912
232,French Polynesia,PYF,1960,83689
233,French Polynesia,PYF,1961,85452
234,French Polynesia,PYF,1962,87278
235,French Polynesia,PYF,1963,89748
236,French Polynesia,PYF,1964,92834
237,French Polynesia,PYF,1965,96033
238,French Polynesia,PYF,1966,99336
239,French Polynesia,PYF,1967,102769
240,French Polynesia,PYF,1968,106369
241,French Polynesia,PYF,1969,110119
242,French Polynesia,PYF,1970,114027
243,French Polynesia,PYF,1971,117959
244,French Polynesia,PYF,1972,121900
245,French Polynesia,PYF,1973,125912
246,French Polynesia,PYF,1974,129974
247,French Polynesia,PYF,1975,134055
248,French Polynesia,PYF,1976,138135
249,French Polynesia,PYF,1977,142321
250,French Polynesia,PYF,1978,146835
251,French Polynesia,PYF,1979,151582
252,French Polynesia,PYF,1980,156485
253,French Polynesia,PYF,1981,161519
254,French Polynesia,PYF,1982,166650
255,French Polynesia,PYF,1983,171758
256,French Polynesia,PYF,1984,176480
257,French Polynesia,PYF,1985,181003
258,French Polynesia,PYF,1986,185685
259,French Polynesia,PYF,1987,190462
260,French Polynesia,PYF,1988,195208
261,French Polynesia,PYF,1989,199650
262,French Polynesia,PYF,1990,203780
263,French Polynesia,PYF,1991,207755
264,French Polynesia,PYF,1992,211570
265,French Polynesia,PYF,1993,215229
266,French Polynesia,PYF,1994,218747
267,French Polynesia,PYF,1995,222128
268,French Polynesia,PYF,1996,225500
269,French Polynesia,PYF,1997,229132
270,French Polynesia,PYF,1998,232898
271,French Polynesia,PYF,1999,236606
272,French Polynesia,PYF,2000,240346
273,French Polynesia,PYF,2001,244107
274,French Polynesia,PYF,2002,247785
275,French Polynesia,PYF,2003,251650
276,French Polynesia,PYF,2004,255663
277,French Polynesia,PYF,2005,259517
278,French Polynesia,PYF,2006,263234
279,French Polynesia,PYF,2007,266448
280,French Polynesia,PYF,2008,268390
281,French Polynesia,PYF,2009,269494
282,French Polynesia,PYF,2010,270590
283,French Polynesia,PYF,2011,271734
284,French Polynesia,PYF,2012,273092
285,French Polynesia,PYF,2013,274736
286,French Polynesia,PYF,2014,276391
287,French Polynesia,PYF,2015,277877
288,French Polynesia,PYF,2016,279180
289,French Polynesia,PYF,2017,280096
290,French Polynesia,PYF,2018,279823
291,French Polynesia,PYF,2019,279040
292,French Polynesia,PYF,2020,279218
293,French Polynesia,PYF,2021,279808
294,French Polynesia,PYF,2022,280388
295,French Polynesia,PYF,2023,281125
296,Guam,GUM,1950,60796
297,Guam,GUM,1951,61313
298,Guam,GUM,1952,61896
299,Guam,GUM,1953,62553
300,Guam,GUM,1954,63286
301,Guam,GUM,1955,64099
302,Guam,GUM,1956,64985
303,Guam,GUM,1957,65959
304,Guam,GUM,1958,67006
305,Guam,GUM,1959,68112
306,Guam,GUM,1960,69543
307,Guam,GUM,1961,71322
308,Guam,GUM,1962,73211
309,Guam,GUM,1963,75105
310,Guam,GUM,1964,77021
311,Guam,GUM,1965,78946
312,Guam,GUM,1966,80860
313,Guam,GUM,1967,82732
314,Guam,GUM,1968,84580
315,Guam,GUM,1969,86421
316,Guam,GUM,1970,88380
317,Guam,GUM,1971,90475
318,Guam,GUM,1972,92630
319,Guam,GUM,1973,94794
320,Guam,GUM,1974,96952
321,Guam,GUM,1975,99071
322,Guam,GUM,1976,101177
323,Guam,GUM,1977,103310
324,Guam,GUM,1978,105439
325,Guam,GUM,1979,107657
326,Guam,GUM,1980,110154
327,Guam,GUM,1981,112917
328,Guam,GUM,1982,115729
329,Guam,GUM,1983,118518
330,Guam,GUM,1984,121316
331,Guam,GUM,1985,124133
332,Guam,GUM,1986,126981
333,Guam,GUM,1987,129867
334,Guam,GUM,1988,132816
335,Guam,GUM,1989,135812
336,Guam,GUM,1990,138623
337,Guam,GUM,1991,141093
338,Guam,GUM,1992,143400
339,Guam,GUM,1993,145670
340,Guam,GUM,1994,147882
341,Guam,GUM,1995,150064
342,Guam,GUM,1996,152178
343,Guam,GUM,1997,154225
344,Guam,GUM,1998,156244
345,Guam,GUM,1999,158297
346,Guam,GUM,2000,160078
347,Guam,GUM,2001,161339
348,Guam,GUM,2002,162326
349,Guam,GUM,2003,163146
350,Guam,GUM,2004,163815
351,Guam,GUM,2005,164373
352,Guam,GUM,2006,164848
353,Guam,GUM,2007,165278
354,Guam,GUM,2008,165704
355,Guam,GUM,2009,166189
356,Guam,GUM,2010,166533
357,Guam,GUM,2011,166554
358,Guam,GUM,2012,166348
359,Guam,GUM,2013,165979
360,Guam,GUM,2014,165492
361,Guam,GUM,2015,164914
362,Guam,GUM,2016,164240
363,Guam,GUM,2017,163501
364,Guam,GUM,2018,162689
365,Guam,GUM,2019,161819
366,Guam,GUM,2020,162167
367,Guam,GUM,2021,163741
368,Guam,GUM,2022,165193
369,Guam,GUM,2023,166522
370,Kiribati,KIR,1950,37871
371,Kiribati,KIR,1951,38644
372,Kiribati,KIR,1952,39449
373,Kiribati,KIR,1953,40285
374,Kiribati,KIR,1954,41151
375,Kiribati,KIR,1955,42062
376,Kiribati,KIR,1956,43009
377,Kiribati,KIR,1957,43992
378,Kiribati,KIR,1958,45005
379,Kiribati,KIR,1959,46061
380,Kiribati,KIR,1960,47177
381,Kiribati,KIR,1961,48347
382,Kiribati,KIR,1962,49562
383,Kiribati,KIR,1963,50812
384,Kiribati,KIR,1964,52106
385,Kiribati,KIR,1965,53452
386,Kiribati,KIR,1966,54449
387,Kiribati,KIR,1967,55016
388,Kiribati,KIR,1968,55545
389,Kiribati,KIR,1969,56380
390,Kiribati,KIR,1970,57530
391,Kiribati,KIR,1971,58672
392,Kiribati,KIR,1972,59796
393,Kiribati,KIR,1973,60839
394,Kiribati,KIR,1974,61235
395,Kiribati,KIR,1975,61011
396,Kiribati,KIR,1976,60683
397,Kiribati,KIR,1977,60285
398,Kiribati,KIR,1978,59878
399,Kiribati,KIR,1979,60192
400,Kiribati,KIR,1980,61170
401,Kiribati,KIR,1981,62137
402,Kiribati,KIR,1982,63146
403,Kiribati,KIR,1983,64183
404,Kiribati,KIR,1984,65245
405,Kiribati,KIR,1985,66510
406,Kiribati,KIR,1986,68079
407,Kiribati,KIR,1987,69749
408,Kiribati,KIR,1988,71445
409,Kiribati,KIR,1989,73164
410,Kiribati,KIR,1990,74872
411,Kiribati,KIR,1991,76385
412,Kiribati,KIR,1992,77655
413,Kiribati,KIR,1993,78853
414,Kiribati,KIR,1994,80033
415,Kiribati,KIR,1995,81251
416,Kiribati,KIR,1996,82637
417,Kiribati,KIR,1997,84161
418,Kiribati,KIR,1998,85672
419,Kiribati,KIR,1999,87139
420,Kiribati,KIR,2000,88632
421,Kiribati,KIR,2001,90350
422,Kiribati,KIR,2002,92281
423,Kiribati,KIR,2003,94189
424,Kiribati,KIR,2004,96096
425,Kiribati,KIR,2005,98045
426,Kiribati,KIR,2006,100028
427,Kiribati,KIR,2007,102081
428,Kiribati,KIR,2008,104235
429,Kiribati,KIR,2009,106479
430,Kiribati,KIR,2010,108717
431,Kiribati,KIR,2011,110660
432,Kiribati,KIR,2012,112293
433,Kiribati,KIR,2013,113847
434,Kiribati,KIR,2014,115339
435,Kiribati,KIR,2015,116826
436,Kiribati,KIR,2016,118488
437,Kiribati,KIR,2017,120288
438,Kiribati,KIR,2018,122097
439,Kiribati,KIR,2019,123928
440,Kiribati,KIR,2020,126110
441,Kiribati,KIR,2021,128387
442,Kiribati,KIR,2022,130483
443,Kiribati,KIR,2023,132540
444,Marshall Islands,MHL,1950,13019
445,Marshall Islands,MHL,1951,13134
446,Marshall Islands,MHL,1952,13240
447,Marshall Islands,MHL,1953,13332
448,Marshall Islands,MHL,1954,13413
449,Marshall Islands,MHL,1955,13508
450,Marshall Islands,MHL,1956,13594
451,Marshall Islands,MHL,1957,13660
452,Marshall Islands,MHL,1958,13826
453,Marshall Islands,MHL,1959,14217
454,Marshall Islands,MHL,1960,14728
455,Marshall Islands,MHL,1961,15240
456,Marshall Islands,MHL,1962,15782
457,Marshall Islands,MHL,1963,16325
458,Marshall Islands,MHL,1964,16881
459,Marshall Islands,MHL,1965,17430
460,Marshall Islands,MHL,1966,17947
461,Marshall Islands,MHL,1967,18678
462,Marshall Islands,MHL,1968,19889
463,Marshall Islands,MHL,1969,21328
464,Marshall Islands,MHL,1970,22552
465,Marshall Islands,MHL,1971,23392
466,Marshall Islands,MHL,1972,24015
467,Marshall Islands,MHL,1973,24607
468,Marshall Islands,MHL,1974,25318
469,Marshall Islands,MHL,1975,26177
470,Marshall Islands,MHL,1976,27040
471,Marshall Islands,MHL,1977,27928
472,Marshall Islands,MHL,1978,28831
473,Marshall Islands,MHL,1979,29757
474,Marshall Islands,MHL,1980,30793
475,Marshall Islands,MHL,1981,32040
476,Marshall Islands,MHL,1982,33418
477,Marshall Islands,MHL,1983,34832
478,Marshall Islands,MHL,1984,36282
479,Marshall Islands,MHL,1985,37779
480,Marshall Islands,MHL,1986,39307
481,Marshall Islands,MHL,1987,40846
482,Marshall Islands,MHL,1988,42338
483,Marshall Islands,MHL,1989,43611
484,Marshall Islands,MHL,1990,44648
485,Marshall Islands,MHL,1991,45587
486,Marshall Islands,MHL,1992,46406
487,Marshall Islands,MHL,1993,47112
488,Marshall Islands,MHL,1994,47731
489,Marshall Islands,MHL,1995,48283
490,Marshall Islands,MHL,1996,48795
491,Marshall Islands,MHL,1997,49277
492,Marshall Islands,MHL,1998,49732
493,Marshall Islands,MHL,1999,50221
494,Marshall Islands,MHL,2000,50721
495,Marshall Islands,MHL,2001,51137
496,Marshall Islands,MHL,2002,51441
497,Marshall Islands,MHL,2003,51657
498,Marshall Islands,MHL,2004,51803
499,Marshall Islands,MHL,2005,51928
500,Marshall Islands,MHL,2006,52011
501,Marshall Islands,MHL,2007,52050
502,Marshall Islands,MHL,2008,52049
503,Marshall Islands,MHL,2009,52036
504,Marshall Islands,MHL,2010,52064
505,Marshall Islands,MHL,2011,51927
506,Marshall Islands,MHL,2012,51438
507,Marshall Islands,MHL,2013,50696
508,Marshall Islands,MHL,2014,49815
509,Marshall Islands,MHL,2015,48823
510,Marshall Islands,MHL,2016,47730
511,Marshall Islands,MHL,2017,46544
512,Marshall Islands,MHL,2018,45307
513,Marshall Islands,MHL,2019,44030
514,Marshall Islands,MHL,2020,42728
515,Marshall Islands,MHL,2021,41387
516,Marshall Islands,MHL,2022,40094
517,Marshall Islands,MHL,2023,38849
518,Micronesia (country),FSM,1950,32128
519,Micronesia (country),FSM,1951,33025
520,Micronesia (country),FSM,1952,33953
521,Micronesia (country),FSM,1953,34935
522,Micronesia (country),FSM,1954,35943
523,Micronesia (country),FSM,1955,36998
524,Micronesia (country),FSM,1956,38101
525,Micronesia (country),FSM,1957,39240
526,Micronesia (country),FSM,1958,40425
527,Micronesia (country),FSM,1959,41683
528,Micronesia (country),FSM,1960,43081
529,Micronesia (country),FSM,1961,44628
530,Micronesia (country),FSM,1962,46239
531,Micronesia (country),FSM,1963,47762
532,Micronesia (country),FSM,1964,49198
533,Micronesia (country),FSM,1965,50701
534,Micronesia (country),FSM,1966,52276
535,Micronesia (country),FSM,1967,53865
536,Micronesia (country),FSM,1968,55480
537,Micronesia (country),FSM,1969,57162
538,Micronesia (country),FSM,1970,58943
539,Micronesia (country),FSM,1971,60655
540,Micronesia (country),FSM,1972,62293
541,Micronesia (country),FSM,1973,64000
542,Micronesia (country),FSM,1974,65763
543,Micronesia (country),FSM,1975,67445
544,Micronesia (country),FSM,1976,69067
545,Micronesia (country),FSM,1977,70774
546,Micronesia (country),FSM,1978,72772
547,Micronesia (country),FSM,1979,75070
548,Micronesia (country),FSM,1980,77421
549,Micronesia (country),FSM,1981,79810
550,Micronesia (country),FSM,1982,82236
551,Micronesia (country),FSM,1983,84698
552,Micronesia (country),FSM,1984,87196
553,Micronesia (country),FSM,1985,89721
554,Micronesia (country),FSM,1986,92275
555,Micronesia (country),FSM,1987,94860
556,Micronesia (country),FSM,1988,97110
557,Micronesia (country),FSM,1989,99018
558,Micronesia (country),FSM,1990,100904
559,Micronesia (country),FSM,1991,102764
560,Micronesia (country),FSM,1992,104823
561,Micronesia (country),FSM,1993,107082
562,Micronesia (country),FSM,1994,109090
563,Micronesia (country),FSM,1995,110244
564,Micronesia (country),FSM,1996,110723
565,Micronesia (country),FSM,1997,111088
566,Micronesia (country),FSM,1998,111394
567,Micronesia (country),FSM,1999,111693
568,Micronesia (country),FSM,2000,112067
569,Micronesia (country),FSM,2001,112378
570,Micronesia (country),FSM,2002,112464
571,Micronesia (country),FSM,2003,112298
572,Micronesia (country),FSM,2004,111939
573,Micronesia (country),FSM,2005,111420
574,Micronesia (country),FSM,2006,110739
575,Micronesia (country),FSM,2007,109896
576,Micronesia (country),FSM,2008,108947
577,Micronesia (country),FSM,2009,107968
578,Micronesia (country),FSM,2010,107559
579,Micronesia (country),FSM,2011,107712
580,Micronesia (country),FSM,2012,107908
581,Micronesia (country),FSM,2013,108133
582,Micronesia (country),FSM,2014,108407
583,Micronesia (country),FSM,2015,108727
584,Micronesia (country),FSM,2016,109088
585,Micronesia (country),FSM,2017,109495
586,Micronesia (country),FSM,2018,109925
587,Micronesia (country),FSM,2019,110293
588,Micronesia (country),FSM,2020,110930
589,Micronesia (country),FSM,2021,111635
590,Micronesia (country),FSM,2022,112122
591,Micronesia (country),FSM,2023,112646
592,Nauru,NRU,1950,3424
593,Nauru,NRU,1951,3532
594,Nauru,NRU,1952,3630
595,Nauru,NRU,1953,3714
596,Nauru,NRU,1954,3801
597,Nauru,NRU,1955,3905
598,Nauru,NRU,1956,4041
599,Nauru,NRU,1957,4181
600,Nauru,NRU,1958,4317
601,Nauru,NRU,1959,4473
602,Nauru,NRU,1960,4625
603,Nauru,NRU,1961,4799
604,Nauru,NRU,1962,5000
605,Nauru,NRU,1963,5246
606,Nauru,NRU,1964,5535
607,Nauru,NRU,1965,5851
608,Nauru,NRU,1966,6060
609,Nauru,NRU,1967,6157
610,Nauru,NRU,1968,6348
611,Nauru,NRU,1969,6604
612,Nauru,NRU,1970,6733
613,Nauru,NRU,1971,6780
614,Nauru,NRU,1972,6831
615,Nauru,NRU,1973,6886
616,Nauru,NRU,1974,6944
617,Nauru,NRU,1975,7013
618,Nauru,NRU,1976,7084
619,Nauru,NRU,1977,7184
620,Nauru,NRU,1978,7316
621,Nauru,NRU,1979,7488
622,Nauru,NRU,1980,7670
623,Nauru,NRU,1981,7866
624,Nauru,NRU,1982,8059
625,Nauru,NRU,1983,8240
626,Nauru,NRU,1984,8398
627,Nauru,NRU,1985,8573
628,Nauru,NRU,1986,8765
629,Nauru,NRU,1987,8972
630,Nauru,NRU,1988,9183
631,Nauru,NRU,1989,9413
632,Nauru,NRU,1990,9645
633,Nauru,NRU,1991,9873
634,Nauru,NRU,1992,10042
635,Nauru,NRU,1993,10123
636,Nauru,NRU,1994,10163
637,Nauru,NRU,1995,10187
638,Nauru,NRU,1996,10206
639,Nauru,NRU,1997,10218
640,Nauru,NRU,1998,10220
641,Nauru,NRU,1999,10207
642,Nauru,NRU,2000,10187
643,Nauru,NRU,2001,10147
644,Nauru,NRU,2002,10105
645,Nauru,NRU,2003,10086
646,Nauru,NRU,2004,10084
647,Nauru,NRU,2005,10071
648,Nauru,NRU,2006,10061
649,Nauru,NRU,2007,10042
650,Nauru,NRU,2008,10032
651,Nauru,NRU,2009,10041
652,Nauru,NRU,2010,10067
653,Nauru,NRU,2011,10116
654,Nauru,NRU,2012,10289
655,Nauru,NRU,2013,10539
656,Nauru,NRU,2014,10766
657,Nauru,NRU,2015,10975
658,Nauru,NRU,2016,11173
659,Nauru,NRU,2017,11351
660,Nauru,NRU,2018,11499
661,Nauru,NRU,2019,11609
662,Nauru,NRU,2020,11665
663,Nauru,NRU,2021,11727
664,Nauru,NRU,2022,11822
665,Nauru,NRU,2023,11900
666,New Caledonia,NCL,1950,63807
667,New Caledonia,NCL,1951,64745
668,New Caledonia,NCL,1952,65754
669,New Caledonia,NCL,1953,66824
670,New Caledonia,NCL,1954,67966
671,New Caledonia,NCL,1955,69170
672,New Caledonia,NCL,1956,70633
673,New Caledonia,NCL,1957,72568
674,New Caledonia,NCL,1958,74856
675,New Caledonia,NCL,1959,77279
676,New Caledonia,NCL,1960,79832
677,New Caledonia,NCL,1961,82535
678,New Caledonia,NCL,1962,85350
679,New Caledonia,NCL,1963,88066
680,New Caledonia,NCL,1964,90618
681,New Caledonia,NCL,1965,93173
682,New Caledonia,NCL,1966,95835
683,New Caledonia,NCL,1967,98598
684,New Caledonia,NCL,1968,101456
685,New Caledonia,NCL,1969,104863
686,New Caledonia,NCL,1970,109349
687,New Caledonia,NCL,1971,114522
688,New Caledonia,NCL,1972,119946
689,New Caledonia,NCL,1973,125597
690,New Caledonia,NCL,1974,131460
691,New Caledonia,NCL,1975,137471
692,New Caledonia,NCL,1976,142105
693,New Caledonia,NCL,1977,144613
694,New Caledonia,NCL,1978,146402
695,New Caledonia,NCL,1979,148142
696,New Caledonia,NCL,1980,149826
697,New Caledonia,NCL,1981,151458
698,New Caledonia,NCL,1982,153013
699,New Caledonia,NCL,1983,155019
700,New Caledonia,NCL,1984,157601
701,New Caledonia,NCL,1985,160252
702,New Caledonia,NCL,1986,162912
703,New Caledonia,NCL,1987,165659
704,New Caledonia,NCL,1988,168521
705,New Caledonia,NCL,1989,172043
706,New Caledonia,NCL,1990,176468
707,New Caledonia,NCL,1991,181251
708,New Caledonia,NCL,1992,186084
709,New Caledonia,NCL,1993,190858
710,New Caledonia,NCL,1994,195626
711,New Caledonia,NCL,1995,200392
712,New Caledonia,NCL,1996,205048
713,New Caledonia,NCL,1997,209568
714,New Caledonia,NCL,1998,214062
715,New Caledonia,NCL,1999,218532
716,New Caledonia,NCL,2000,223110
717,New Caledonia,NCL,2001,227714
718,New Caledonia,NCL,2002,232239
719,New Caledonia,NCL,2003,236684
720,New Caledonia,NCL,2004,240865
721,New Caledonia,NCL,2005,244391
722,New Caledonia,NCL,2006,247557
723,New Caledonia,NCL,2007,250730
724,New Caledonia,NCL,2008,253831
725,New Caledonia,NCL,2009,257261
726,New Caledonia,NCL,2010,261580
727,New Caledonia,NCL,2011,266550
728,New Caledonia,NCL,2012,271640
729,New Caledonia,NCL,2013,276832
730,New Caledonia,NCL,2014,281233
731,New Caledonia,NCL,2015,283179
732,New Caledonia,NCL,2016,283432
733,New Caledonia,NCL,2017,283554
734,New Caledonia,NCL,2018,283551
735,New Caledonia,NCL,2019,283616
736,New Caledonia,NCL,2020,284187
737,New Caledonia,NCL,2021,285227
738,New Caledonia,NCL,2022,287130
739,New Caledonia,NCL,2023,289879
740,Niue,NIU,1950,4519
741,Niue,NIU,1951,4565
742,Niue,NIU,1952,4581
743,Niue,NIU,1953,4600
744,Niue,NIU,1954,4620
745,Niue,NIU,1955,4649
746,Niue,NIU,1956,4690
747,Niue,NIU,1957,4738
748,Niue,NIU,1958,4785
749,Niue,NIU,1959,4826
750,Niue,NIU,1960,4847
751,Niue,NIU,1961,4870
752,Niue,NIU,1962,4945
753,Niue,NIU,1963,5055
754,Niue,NIU,1964,5150
755,Niue,NIU,1965,5227
756,Niue,NIU,1966,5259
757,Niue,NIU,1967,5262
758,Niue,NIU,1968,5234
759,Niue,NIU,1969,5183
760,Niue,NIU,1970,5133
761,Niue,NIU,1971,5059
762,Niue,NIU,1972,4914
763,Niue,NIU,1973,4718
764,Niue,NIU,1974,4497
765,Niue,NIU,1975,4253
766,Niue,NIU,1976,4013
767,Niue,NIU,1977,3868
768,Niue,NIU,1978,3776
769,Niue,NIU,1979,3673
770,Niue,NIU,1980,3550
771,Niue,NIU,1981,3413
772,Niue,NIU,1982,3281
773,Niue,NIU,1983,3129
774,Niue,NIU,1984,2974
775,Niue,NIU,1985,2803
776,Niue,NIU,1986,2658
777,Niue,NIU,1987,2584
778,Niue,NIU,1988,2559
779,Niue,NIU,1989,2537
780,Niue,NIU,1990,2506
781,Niue,NIU,1991,2476
782,Niue,NIU,1992,2443
783,Niue,NIU,1993,2403
784,Niue,NIU,1994,2362
785,Niue,NIU,1995,2326
786,Niue,NIU,1996,2290
787,Niue,NIU,1997,2242
788,Niue,NIU,1998,2187
789,Niue,NIU,1999,2138
790,Niue,NIU,2000,2068
791,Niue,NIU,2001,2007
792,Niue,NIU,2002,1965
793,Niue,NIU,2003,1928
794,Niue,NIU,2004,1891
795,Niue,NIU,2005,1849
796,Niue,NIU,2006,1818
797,Niue,NIU,2007,1810
798,Niue,NIU,2008,1805
799,Niue,NIU,2009,1801
800,Niue,NIU,2010,1786
801,Niue,NIU,2011,1776
802,Niue,NIU,2012,1784
803,Niue,NIU,2013,1786
804,Niue,NIU,2014,1792
805,Niue,NIU,2015,1803
806,Niue,NIU,2016,1806
807,Niue,NIU,2017,1803
808,Niue,NIU,2018,1805
809,Niue,NIU,2019,1814
810,Niue,NIU,2020,1822
811,Niue,NIU,2021,1836
812,Niue,NIU,2022,1844
813,Niue,NIU,2023,1841
814,Northern Mariana Islands,MNP,1950,7131
815,Northern Mariana Islands,MNP,1951,7257
816,Northern Mariana Islands,MNP,1952,7352
817,Northern Mariana Islands,MNP,1953,7463
818,Northern Mariana Islands,MNP,1954,7591
819,Northern Mariana Islands,MNP,1955,7750
820,Northern Mariana Islands,MNP,1956,7920
821,Northern Mariana Islands,MNP,1957,8096
822,Northern Mariana Islands,MNP,1958,8301
823,Northern Mariana Islands,MNP,1959,8514
824,Northern Mariana Islands,MNP,1960,8760
825,Northern Mariana Islands,MNP,1961,9017
826,Northern Mariana Islands,MNP,1962,9301
827,Northern Mariana Islands,MNP,1963,9617
828,Northern Mariana Islands,MNP,1964,9947
829,Northern Mariana Islands,MNP,1965,10276
830,Northern Mariana Islands,MNP,1966,10636
831,Northern Mariana Islands,MNP,1967,10769
832,Northern Mariana Islands,MNP,1968,10491
833,Northern Mariana Islands,MNP,1969,10006
834,Northern Mariana Islands,MNP,1970,10193
835,Northern Mariana Islands,MNP,1971,11288
836,Northern Mariana Islands,MNP,1972,12659
837,Northern Mariana Islands,MNP,1973,13905
838,Northern Mariana Islands,MNP,1974,14677
839,Northern Mariana Islands,MNP,1975,15083
840,Northern Mariana Islands,MNP,1976,15456
841,Northern Mariana Islands,MNP,1977,15813
842,Northern Mariana Islands,MNP,1978,16150
843,Northern Mariana Islands,MNP,1979,16508
844,Northern Mariana Islands,MNP,1980,17645
845,Northern Mariana Islands,MNP,1981,19847
846,Northern Mariana Islands,MNP,1982,22374
847,Northern Mariana Islands,MNP,1983,24960
848,Northern Mariana Islands,MNP,1984,27598
849,Northern Mariana Islands,MNP,1985,30281
850,Northern Mariana Islands,MNP,1986,33001
851,Northern Mariana Islands,MNP,1987,35755
852,Northern Mariana Islands,MNP,1988,38538
853,Northern Mariana Islands,MNP,1989,41327
854,Northern Mariana Islands,MNP,1990,43364
855,Northern Mariana Islands,MNP,1991,44412
856,Northern Mariana Islands,MNP,1992,45204
857,Northern Mariana Islands,MNP,1993,45973
858,Northern Mariana Islands,MNP,1994,46752
859,Northern Mariana Islands,MNP,1995,48192
860,Northern Mariana Islands,MNP,1996,51724
861,Northern Mariana Islands,MNP,1997,56610
862,Northern Mariana Islands,MNP,1998,61356
863,Northern Mariana Islands,MNP,1999,65933
864,Northern Mariana Islands,MNP,2000,68374
865,Northern Mariana Islands,MNP,2001,68003
866,Northern Mariana Islands,MNP,2002,66800
867,Northern Mariana Islands,MNP,2003,65438
868,Northern Mariana Islands,MNP,2004,63948
869,Northern Mariana Islands,MNP,2005,62372
870,Northern Mariana Islands,MNP,2006,60688
871,Northern Mariana Islands,MNP,2007,58960
872,Northern Mariana Islands,MNP,2008,57163
873,Northern Mariana Islands,MNP,2009,55346
874,Northern Mariana Islands,MNP,2010,54110
875,Northern Mariana Islands,MNP,2011,53633
876,Northern Mariana Islands,MNP,2012,53251
877,Northern Mariana Islands,MNP,2013,52777
878,Northern Mariana Islands,MNP,2014,52199
879,Northern Mariana Islands,MNP,2015,51538
880,Northern Mariana Islands,MNP,2016,50795
881,Northern Mariana Islands,MNP,2017,49981
882,Northern Mariana Islands,MNP,2018,49098
883,Northern Mariana Islands,MNP,2019,48154
884,Northern Mariana Islands,MNP,2020,47557
885,Northern Mariana Islands,MNP,2021,47003
886,Northern Mariana Islands,MNP,2022,46101
887,Northern Mariana Islands,MNP,2023,45166
888,Palau,PLW,1950,7494
889,Palau,PLW,1951,7679
890,Palau,PLW,1952,7838
891,Palau,PLW,1953,8028
892,Palau,PLW,1954,8231
893,Palau,PLW,1955,8439
894,Palau,PLW,1956,8614
895,Palau,PLW,1957,8771
896,Palau,PLW,1958,8924
897,Palau,PLW,1959,9125
898,Palau,PLW,1960,9349
899,Palau,PLW,1961,9581
900,Palau,PLW,1962,9815
901,Palau,PLW,1963,10060
902,Palau,PLW,1964,10313
903,Palau,PLW,1965,10567
904,Palau,PLW,1966,10825
905,Palau,PLW,1967,11012
906,Palau,PLW,1968,11104
907,Palau,PLW,1969,11182
908,Palau,PLW,1970,11393
909,Palau,PLW,1971,11783
910,Palau,PLW,1972,12216
911,Palau,PLW,1973,12577
912,Palau,PLW,1974,12711
913,Palau,PLW,1975,12675
914,Palau,PLW,1976,12622
915,Palau,PLW,1977,12548
916,Palau,PLW,1978,12465
917,Palau,PLW,1979,12359
918,Palau,PLW,1980,12296
919,Palau,PLW,1981,12423
920,Palau,PLW,1982,12721
921,Palau,PLW,1983,13028
922,Palau,PLW,1984,13359
923,Palau,PLW,1985,13712
924,Palau,PLW,1986,14044
925,Palau,PLW,1987,14357
926,Palau,PLW,1988,14664
927,Palau,PLW,1989,14969
928,Palau,PLW,1990,15282
929,Palau,PLW,1991,15635
930,Palau,PLW,1992,16017
931,Palau,PLW,1993,16397
932,Palau,PLW,1994,16796
933,Palau,PLW,1995,17217
934,Palau,PLW,1996,17683
935,Palau,PLW,1997,18126
936,Palau,PLW,1998,18548
937,Palau,PLW,1999,18926
938,Palau,PLW,2000,19206
939,Palau,PLW,2001,19379
940,Palau,PLW,2002,19527
941,Palau,PLW,2003,19683
942,Palau,PLW,2004,19841
943,Palau,PLW,2005,19837
944,Palau,PLW,2006,19616
945,Palau,PLW,2007,19324
946,Palau,PLW,2008,19031
947,Palau,PLW,2009,18736
948,Palau,PLW,2010,18420
949,Palau,PLW,2011,18099
950,Palau,PLW,2012,17791
951,Palau,PLW,2013,17670
952,Palau,PLW,2014,17740
953,Palau,PLW,2015,17791
954,Palau,PLW,2016,17824
955,Palau,PLW,2017,17838
956,Palau,PLW,2018,17843
957,Palau,PLW,2019,17821
958,Palau,PLW,2020,17817
959,Palau,PLW,2021,17809
960,Palau,PLW,2022,17784
961,Palau,PLW,2023,17751
962,Papua New Guinea,PNG,1950,1543441
963,Papua New Guinea,PNG,1951,1574928
964,Papua New Guinea,PNG,1952,1609545
965,Papua New Guinea,PNG,1953,1650236
966,Papua New Guinea,PNG,1954,1693505
967,Papua New Guinea,PNG,1955,1739220
968,Papua New Guinea,PNG,1956,1787446
969,Papua New Guinea,PNG,1957,1837511
970,Papua New Guinea,PNG,1958,1888969
971,Papua New Guinea,PNG,1959,1941505
972,Papua New Guinea,PNG,1960,1995115
973,Papua New Guinea,PNG,1961,2046133
974,Papua New Guinea,PNG,1962,2093926
975,Papua New Guinea,PNG,1963,2141380
976,Papua New Guinea,PNG,1964,2188332
977,Papua New Guinea,PNG,1965,2235830
978,Papua New Guinea,PNG,1966,2285785
979,Papua New Guinea,PNG,1967,2337542
980,Papua New Guinea,PNG,1968,2390812
981,Papua New Guinea,PNG,1969,2446932
982,Papua New Guinea,PNG,1970,2505632
983,Papua New Guinea,PNG,1971,2566429
984,Papua New Guinea,PNG,1972,2628436
985,Papua New Guinea,PNG,1973,2690639
986,Papua New Guinea,PNG,1974,2752679
987,Papua New Guinea,PNG,1975,2814827
988,Papua New Guinea,PNG,1976,2877337
989,Papua New Guinea,PNG,1977,2940331
990,Papua New Guinea,PNG,1978,3003718
991,Papua New Guinea,PNG,1979,3067350
992,Papua New Guinea,PNG,1980,3131516
993,Papua New Guinea,PNG,1981,3197030
994,Papua New Guinea,PNG,1982,3264301
995,Papua New Guinea,PNG,1983,3333642
996,Papua New Guinea,PNG,1984,3405200
997,Papua New Guinea,PNG,1985,3478945
998,Papua New Guinea,PNG,1986,3554802
999,Papua New Guinea,PNG,1987,3632546
1000,Papua New Guinea,PNG,1988,3711894
1001,Papua New Guinea,PNG,1989,3796088
1002,Papua New Guinea,PNG,1990,3896482
1003,Papua New Guinea,PNG,1991,4021840
1004,Papua New Guinea,PNG,1992,4166702
1005,Papua New Guinea,PNG,1993,4320880
1006,Papua New Guinea,PNG,1994,4480210
1007,Papua New Guinea,PNG,1995,4644282
1008,Papua New Guinea,PNG,1996,4813363
1009,Papua New Guinea,PNG,1997,4987887
1010,Papua New Guinea,PNG,1998,5166390
1011,Papua New Guinea,PNG,1999,5349333
1012,Papua New Guinea,PNG,2000,5537068
1013,Papua New Guinea,PNG,2001,5728444
1014,Papua New Guinea,PNG,2002,5924010
1015,Papua New Guinea,PNG,2003,6124005
1016,Papua New Guinea,PNG,2004,6328042
1017,Papua New Guinea,PNG,2005,6535905
1018,Papua New Guinea,PNG,2006,6747724
1019,Papua New Guinea,PNG,2007,6963353
1020,Papua New Guinea,PNG,2008,7183002
1021,Papua New Guinea,PNG,2009,7406442
1022,Papua New Guinea,PNG,2010,7633524
1023,Papua New Guinea,PNG,2011,7859349
1024,Papua New Guinea,PNG,2012,8081396
1025,Papua New Guinea,PNG,2013,8302700
1026,Papua New Guinea,PNG,2014,8523440
1027,Papua New Guinea,PNG,2015,8743247
1028,Papua New Guinea,PNG,2016,8961717
1029,Papua New Guinea,PNG,2017,9178717
1030,Papua New Guinea,PNG,2018,9394518
1031,Papua New Guinea,PNG,2019,9609014
1032,Papua New Guinea,PNG,2020,9815743
1033,Papua New Guinea,PNG,2021,10012898
1034,Papua New Guinea,PNG,2022,10203177
1035,Papua New Guinea,PNG,2023,10389638
1036,Samoa,WSM,1950,88299
1037,Samoa,WSM,1951,90523
1038,Samoa,WSM,1952,92723
1039,Samoa,WSM,1953,94787
1040,Samoa,WSM,1954,96896
1041,Samoa,WSM,1955,99056
1042,Samoa,WSM,1956,101337
1043,Samoa,WSM,1957,103906
1044,Samoa,WSM,1958,106710
1045,Samoa,WSM,1959,109575
1046,Samoa,WSM,1960,112508
1047,Samoa,WSM,1961,115516
1048,Samoa,WSM,1962,118615
1049,Samoa,WSM,1963,121779
1050,Samoa,WSM,1964,124915
1051,Samoa,WSM,1965,127996
1052,Samoa,WSM,1966,131086
1053,Samoa,WSM,1967,133784
1054,Samoa,WSM,1968,136038
1055,Samoa,WSM,1969,138243
1056,Samoa,WSM,1970,140420
1057,Samoa,WSM,1971,142514
1058,Samoa,WSM,1972,144551
1059,Samoa,WSM,1973,146527
1060,Samoa,WSM,1974,149440
1061,Samoa,WSM,1975,153353
1062,Samoa,WSM,1976,157123
1063,Samoa,WSM,1977,159766
1064,Samoa,WSM,1978,161385
1065,Samoa,WSM,1979,162892
1066,Samoa,WSM,1980,164335
1067,Samoa,WSM,1981,165684
1068,Samoa,WSM,1982,166496
1069,Samoa,WSM,1983,166724
1070,Samoa,WSM,1984,166805
1071,Samoa,WSM,1985,166862
1072,Samoa,WSM,1986,167071
1073,Samoa,WSM,1987,167671
1074,Samoa,WSM,1988,168360
1075,Samoa,WSM,1989,168779
1076,Samoa,WSM,1990,169061
1077,Samoa,WSM,1991,169378
1078,Samoa,WSM,1992,170340
1079,Samoa,WSM,1993,171786
1080,Samoa,WSM,1994,173167
1081,Samoa,WSM,1995,174585
1082,Samoa,WSM,1996,176086
1083,Samoa,WSM,1997,177561
1084,Samoa,WSM,1998,178921
1085,Samoa,WSM,1999,180279
1086,Samoa,WSM,2000,181695
1087,Samoa,WSM,2001,183174
1088,Samoa,WSM,2002,184482
1089,Samoa,WSM,2003,185447
1090,Samoa,WSM,2004,186265
1091,Samoa,WSM,2005,186993
1092,Samoa,WSM,2006,187724
1093,Samoa,WSM,2007,188766
1094,Samoa,WSM,2008,190117
1095,Samoa,WSM,2009,191530
1096,Samoa,WSM,2010,193035
1097,Samoa,WSM,2011,194726
1098,Samoa,WSM,2012,196518
1099,Samoa,WSM,2013,198284
1100,Samoa,WSM,2014,200051
1101,Samoa,WSM,2015,201794
1102,Samoa,WSM,2016,203509
1103,Samoa,WSM,2017,205423
1104,Samoa,WSM,2018,207595
1105,Samoa,WSM,2019,209794
1106,Samoa,WSM,2020,211957
1107,Samoa,WSM,2021,213792
1108,Samoa,WSM,2022,215270
1109,Samoa,WSM,2023,216673
1110,Solomon Islands,SLB,1950,108650
1111,Solomon Islands,SLB,1951,110972
1112,Solomon Islands,SLB,1952,113501
1113,Solomon Islands,SLB,1953,116223
1114,Solomon Islands,SLB,1954,119126
1115,Solomon Islands,SLB,1955,122199
1116,Solomon Islands,SLB,1956,125357
1117,Solomon Islands,SLB,1957,128689
1118,Solomon Islands,SLB,1958,132320
1119,Solomon Islands,SLB,1959,136144
1120,Solomon Islands,SLB,1960,139698
1121,Solomon Islands,SLB,1961,142921
1122,Solomon Islands,SLB,1962,146210
1123,Solomon Islands,SLB,1963,149607
1124,Solomon Islands,SLB,1964,153098
1125,Solomon Islands,SLB,1965,156696
1126,Solomon Islands,SLB,1966,160403
1127,Solomon Islands,SLB,1967,164255
1128,Solomon Islands,SLB,1968,168297
1129,Solomon Islands,SLB,1969,172488
1130,Solomon Islands,SLB,1970,176590
1131,Solomon Islands,SLB,1971,180655
1132,Solomon Islands,SLB,1972,185005
1133,Solomon Islands,SLB,1973,189788
1134,Solomon Islands,SLB,1974,195056
1135,Solomon Islands,SLB,1975,200759
1136,Solomon Islands,SLB,1976,207210
1137,Solomon Islands,SLB,1977,214426
1138,Solomon Islands,SLB,1978,222040
1139,Solomon Islands,SLB,1979,229964
1140,Solomon Islands,SLB,1980,238149
1141,Solomon Islands,SLB,1981,246569
1142,Solomon Islands,SLB,1982,255213
1143,Solomon Islands,SLB,1983,264084
1144,Solomon Islands,SLB,1984,273176
1145,Solomon Islands,SLB,1985,282468
1146,Solomon Islands,SLB,1986,291855
1147,Solomon Islands,SLB,1987,301426
1148,Solomon Islands,SLB,1988,311278
1149,Solomon Islands,SLB,1989,321293
1150,Solomon Islands,SLB,1990,331448
1151,Solomon Islands,SLB,1991,341743
1152,Solomon Islands,SLB,1992,352215
1153,Solomon Islands,SLB,1993,362850
1154,Solomon Islands,SLB,1994,373685
1155,Solomon Islands,SLB,1995,384744
1156,Solomon Islands,SLB,1996,396017
1157,Solomon Islands,SLB,1997,407480
1158,Solomon Islands,SLB,1998,419078
1159,Solomon Islands,SLB,1999,430511
1160,Solomon Islands,SLB,2000,440481
1161,Solomon Islands,SLB,2001,449137
1162,Solomon Islands,SLB,2002,457676
1163,Solomon Islands,SLB,2003,466164
1164,Solomon Islands,SLB,2004,474618
1165,Solomon Islands,SLB,2005,483090
1166,Solomon Islands,SLB,2006,491602
1167,Solomon Islands,SLB,2007,500168
1168,Solomon Islands,SLB,2008,508802
1169,Solomon Islands,SLB,2009,518150
1170,Solomon Islands,SLB,2010,532976
1171,Solomon Islands,SLB,2011,552958
1172,Solomon Islands,SLB,2012,573623
1173,Solomon Islands,SLB,2013,594952
1174,Solomon Islands,SLB,2014,616915
1175,Solomon Islands,SLB,2015,639423
1176,Solomon Islands,SLB,2016,662387
1177,Solomon Islands,SLB,2017,685677
1178,Solomon Islands,SLB,2018,709109
1179,Solomon Islands,SLB,2019,728156
1180,Solomon Islands,SLB,2020,744505
1181,Solomon Islands,SLB,2021,762594
1182,Solomon Islands,SLB,2022,781075
1183,Solomon Islands,SLB,2023,800014
1184,Tokelau,TKL,1950,1612
1185,Tokelau,TKL,1951,1583
1186,Tokelau,TKL,1952,1586
1187,Tokelau,TKL,1953,1598
1188,Tokelau,TKL,1954,1606
1189,Tokelau,TKL,1955,1616
1190,Tokelau,TKL,1956,1625
1191,Tokelau,TKL,1957,1655
1192,Tokelau,TKL,1958,1703
1193,Tokelau,TKL,1959,1749
1194,Tokelau,TKL,1960,1805
1195,Tokelau,TKL,1961,1857
1196,Tokelau,TKL,1962,1887
1197,Tokelau,TKL,1963,1902
1198,Tokelau,TKL,1964,1910
1199,Tokelau,TKL,1965,1919
1200,Tokelau,TKL,1966,1918
1201,Tokelau,TKL,1967,1894
1202,Tokelau,TKL,1968,1844
1203,Tokelau,TKL,1969,1795
1204,Tokelau,TKL,1970,1740
1205,Tokelau,TKL,1971,1684
1206,Tokelau,TKL,1972,1663
1207,Tokelau,TKL,1973,1664
1208,Tokelau,TKL,1974,1664
1209,Tokelau,TKL,1975,1661
1210,Tokelau,TKL,1976,1660
1211,Tokelau,TKL,1977,1671
1212,Tokelau,TKL,1978,1681
1213,Tokelau,TKL,1979,1685
1214,Tokelau,TKL,1980,1679
1215,Tokelau,TKL,1981,1680
1216,Tokelau,TKL,1982,1686
1217,Tokelau,TKL,1983,1709
1218,Tokelau,TKL,1984,1748
1219,Tokelau,TKL,1985,1781
1220,Tokelau,TKL,1986,1803
1221,Tokelau,TKL,1987,1798
1222,Tokelau,TKL,1988,1787
1223,Tokelau,TKL,1989,1782
1224,Tokelau,TKL,1990,1785
1225,Tokelau,TKL,1991,1792
1226,Tokelau,TKL,1992,1797
1227,Tokelau,TKL,1993,1795
1228,Tokelau,TKL,1994,1790
1229,Tokelau,TKL,1995,1792
1230,Tokelau,TKL,1996,1795
1231,Tokelau,TKL,1997,1803
1232,Tokelau,TKL,1998,1817
1233,Tokelau,TKL,1999,1844
1234,Tokelau,TKL,2000,1866
1235,Tokelau,TKL,2001,1887
1236,Tokelau,TKL,2002,1864
1237,Tokelau,TKL,2003,1793
1238,Tokelau,TKL,2004,1726
1239,Tokelau,TKL,2005,1652
1240,Tokelau,TKL,2006,1593
1241,Tokelau,TKL,2007,1573
1242,Tokelau,TKL,2008,1585
1243,Tokelau,TKL,2009,1597
1244,Tokelau,TKL,2010,1610
1245,Tokelau,TKL,2011,1625
1246,Tokelau,TKL,2012,1681
1247,Tokelau,TKL,2013,1749
1248,Tokelau,TKL,2014,1748
1249,Tokelau,TKL,2015,1719
1250,Tokelau,TKL,2016,1703
1251,Tokelau,TKL,2017,1767
1252,Tokelau,TKL,2018,1902
1253,Tokelau,TKL,2019,2038
1254,Tokelau,TKL,2020,2152
1255,Tokelau,TKL,2021,2225
1256,Tokelau,TKL,2022,2312
1257,Tokelau,TKL,2023,2424
1258,Tonga,TON,1950,49679
1259,Tonga,TON,1951,50973
1260,Tonga,TON,1952,52379
1261,Tonga,TON,1953,53895
1262,Tonga,TON,1954,55536
1263,Tonga,TON,1955,57277
1264,Tonga,TON,1956,59118
1265,Tonga,TON,1957,60901
1266,Tonga,TON,1958,62601
1267,Tonga,TON,1959,64368
1268,Tonga,TON,1960,66187
1269,Tonga,TON,1961,68054
1270,Tonga,TON,1962,69958
1271,Tonga,TON,1963,71904
1272,Tonga,TON,1964,73891
1273,Tonga,TON,1965,75942
1274,Tonga,TON,1966,78019
1275,Tonga,TON,1967,79831
1276,Tonga,TON,1968,81367
1277,Tonga,TON,1969,82905
1278,Tonga,TON,1970,84416
1279,Tonga,TON,1971,85914
1280,Tonga,TON,1972,87369
1281,Tonga,TON,1973,88818
1282,Tonga,TON,1974,90699
1283,Tonga,TON,1975,93032
1284,Tonga,TON,1976,95343
1285,Tonga,TON,1977,96740
1286,Tonga,TON,1978,97222
1287,Tonga,TON,1979,97564
1288,Tonga,TON,1980,97785
1289,Tonga,TON,1981,97930
1290,Tonga,TON,1982,98000
1291,Tonga,TON,1983,98016
1292,Tonga,TON,1984,98008
1293,Tonga,TON,1985,98000
1294,Tonga,TON,1986,98025
1295,Tonga,TON,1987,98394
1296,Tonga,TON,1988,98985
1297,Tonga,TON,1989,99419
1298,Tonga,TON,1990,99717
1299,Tonga,TON,1991,99911
1300,Tonga,TON,1992,100045
1301,Tonga,TON,1993,100120
1302,Tonga,TON,1994,100187
1303,Tonga,TON,1995,100240
1304,Tonga,TON,1996,100294
1305,Tonga,TON,1997,100691
1306,Tonga,TON,1998,101406
1307,Tonga,TON,1999,102058
1308,Tonga,TON,2000,102695
1309,Tonga,TON,2001,103305
1310,Tonga,TON,2002,103888
1311,Tonga,TON,2003,104481
1312,Tonga,TON,2004,105088
1313,Tonga,TON,2005,105684
1314,Tonga,TON,2006,106266
1315,Tonga,TON,2007,106744
1316,Tonga,TON,2008,107036
1317,Tonga,TON,2009,107219
1318,Tonga,TON,2010,107415
1319,Tonga,TON,2011,107584
1320,Tonga,TON,2012,107476
1321,Tonga,TON,2013,107093
1322,Tonga,TON,2014,106627
1323,Tonga,TON,2015,106110
1324,Tonga,TON,2016,105536
1325,Tonga,TON,2017,105373
1326,Tonga,TON,2018,105590
1327,Tonga,TON,2019,105688
1328,Tonga,TON,2020,105721
1329,Tonga,TON,2021,105504
1330,Tonga,TON,2022,105053
1331,Tonga,TON,2023,104613
1332,Tuvalu,TUV,1950,4784
1333,Tuvalu,TUV,1951,4947
1334,Tuvalu,TUV,1952,5072
1335,Tuvalu,TUV,1953,5198
1336,Tuvalu,TUV,1954,5292
1337,Tuvalu,TUV,1955,5361
1338,Tuvalu,TUV,1956,5408
1339,Tuvalu,TUV,1957,5455
1340,Tuvalu,TUV,1958,5517
1341,Tuvalu,TUV,1959,5577
1342,Tuvalu,TUV,1960,5619
1343,Tuvalu,TUV,1961,5669
1344,Tuvalu,TUV,1962,5721
1345,Tuvalu,TUV,1963,5773
1346,Tuvalu,TUV,1964,5771
1347,Tuvalu,TUV,1965,5731
1348,Tuvalu,TUV,1966,5705
1349,Tuvalu,TUV,1967,5674
1350,Tuvalu,TUV,1968,5644
1351,Tuvalu,TUV,1969,5653
1352,Tuvalu,TUV,1970,5684
1353,Tuvalu,TUV,1971,5704
1354,Tuvalu,TUV,1972,5712
1355,Tuvalu,TUV,1973,5704
1356,Tuvalu,TUV,1974,5844
1357,Tuvalu,TUV,1975,6133
1358,Tuvalu,TUV,1976,6427
1359,Tuvalu,TUV,1977,6708
1360,Tuvalu,TUV,1978,6980
1361,Tuvalu,TUV,1979,7207
1362,Tuvalu,TUV,1980,7387
1363,Tuvalu,TUV,1981,7545
1364,Tuvalu,TUV,1982,7686
1365,Tuvalu,TUV,1983,7809
1366,Tuvalu,TUV,1984,7926
1367,Tuvalu,TUV,1985,8068
1368,Tuvalu,TUV,1986,8238
1369,Tuvalu,TUV,1987,8393
1370,Tuvalu,TUV,1988,8539
1371,Tuvalu,TUV,1989,8685
1372,Tuvalu,TUV,1990,8821
1373,Tuvalu,TUV,1991,8953
1374,Tuvalu,TUV,1992,9060
1375,Tuvalu,TUV,1993,9146
1376,Tuvalu,TUV,1994,9231
1377,Tuvalu,TUV,1995,9299
1378,Tuvalu,TUV,1996,9363
1379,Tuvalu,TUV,1997,9425
1380,Tuvalu,TUV,1998,9469
1381,Tuvalu,TUV,1999,9518
1382,Tuvalu,TUV,2000,9566
1383,Tuvalu,TUV,2001,9608
1384,Tuvalu,TUV,2002,9645
1385,Tuvalu,TUV,2003,9715
1386,Tuvalu,TUV,2004,9839
1387,Tuvalu,TUV,2005,9964
1388,Tuvalu,TUV,2006,10078
1389,Tuvalu,TUV,2007,10204
1390,Tuvalu,TUV,2008,10344
1391,Tuvalu,TUV,2009,10479
1392,Tuvalu,TUV,2010,10635
1393,Tuvalu,TUV,2011,10804
1394,Tuvalu,TUV,2012,10960
1395,Tuvalu,TUV,2013,11028
1396,Tuvalu,TUV,2014,11007
1397,Tuvalu,TUV,2015,10985
1398,Tuvalu,TUV,2016,10951
1399,Tuvalu,TUV,2017,10892
1400,Tuvalu,TUV,2018,10775
1401,Tuvalu,TUV,2019,10603
1402,Tuvalu,TUV,2020,10423
1403,Tuvalu,TUV,2021,10214
1404,Tuvalu,TUV,2022,10012
1405,Tuvalu,TUV,2023,9837
1406,Vanuatu,VUT,1950,51557
1407,Vanuatu,VUT,1951,52378
1408,Vanuatu,VUT,1952,53285
1409,Vanuatu,VUT,1953,54316
1410,Vanuatu,VUT,1954,55435
1411,Vanuatu,VUT,1955,56650
1412,Vanuatu,VUT,1956,57941
1413,Vanuatu,VUT,1957,59391
1414,Vanuatu,VUT,1958,60999
1415,Vanuatu,VUT,1959,62683
1416,Vanuatu,VUT,1960,64446
1417,Vanuatu,VUT,1961,66279
1418,Vanuatu,VUT,1962,68188
1419,Vanuatu,VUT,1963,70171
1420,Vanuatu,VUT,1964,72232
1421,Vanuatu,VUT,1965,74375
1422,Vanuatu,VUT,1966,76605
1423,Vanuatu,VUT,1967,78935
1424,Vanuatu,VUT,1968,81334
1425,Vanuatu,VUT,1969,83770
1426,Vanuatu,VUT,1970,86283
1427,Vanuatu,VUT,1971,88881
1428,Vanuatu,VUT,1972,91578
1429,Vanuatu,VUT,1973,94379
1430,Vanuatu,VUT,1974,97273
1431,Vanuatu,VUT,1975,100288
1432,Vanuatu,VUT,1976,103402
1433,Vanuatu,VUT,1977,106634
1434,Vanuatu,VUT,1978,109980
1435,Vanuatu,VUT,1979,113061
1436,Vanuatu,VUT,1980,115683
1437,Vanuatu,VUT,1981,118268
1438,Vanuatu,VUT,1982,121051
1439,Vanuatu,VUT,1983,124013
1440,Vanuatu,VUT,1984,127125
1441,Vanuatu,VUT,1985,130375
1442,Vanuatu,VUT,1986,133737
1443,Vanuatu,VUT,1987,137206
1444,Vanuatu,VUT,1988,140769
1445,Vanuatu,VUT,1989,144410
1446,Vanuatu,VUT,1990,148073
1447,Vanuatu,VUT,1991,151807
1448,Vanuatu,VUT,1992,155619
1449,Vanuatu,VUT,1993,159475
1450,Vanuatu,VUT,1994,163328
1451,Vanuatu,VUT,1995,167155
1452,Vanuatu,VUT,1996,170926
1453,Vanuatu,VUT,1997,174638
1454,Vanuatu,VUT,1998,178322
1455,Vanuatu,VUT,1999,182056
1456,Vanuatu,VUT,2000,186290
1457,Vanuatu,VUT,2001,191047
1458,Vanuatu,VUT,2002,195871
1459,Vanuatu,VUT,2003,200760
1460,Vanuatu,VUT,2004,205720
1461,Vanuatu,VUT,2005,210772
1462,Vanuatu,VUT,2006,215939
1463,Vanuatu,VUT,2007,221291
1464,Vanuatu,VUT,2008,226908
1465,Vanuatu,VUT,2009,232740
1466,Vanuatu,VUT,2010,238256
1467,Vanuatu,VUT,2011,243483
1468,Vanuatu,VUT,2012,248894
1469,Vanuatu,VUT,2013,254495
1470,Vanuatu,VUT,2014,260247
1471,Vanuatu,VUT,2015,266115
1472,Vanuatu,VUT,2016,272097
1473,Vanuatu,VUT,2017,278518
1474,Vanuatu,VUT,2018,285273
1475,Vanuatu,VUT,2019,291995
1476,Vanuatu,VUT,2020,298867
1477,Vanuatu,VUT,2021,305882
1478,Vanuatu,VUT,2022,313061
1479,Vanuatu,VUT,2023,320422
1480,Wallis and Futuna,WLF,1950,8557
1481,Wallis and Futuna,WLF,1951,8836
1482,Wallis and Futuna,WLF,1952,9201
1483,Wallis and Futuna,WLF,1953,9572
1484,Wallis and Futuna,WLF,1954,9739
1485,Wallis and Futuna,WLF,1955,9665
1486,Wallis and Futuna,WLF,1956,9538
1487,Wallis and Futuna,WLF,1957,9359
1488,Wallis and Futuna,WLF,1958,9155
1489,Wallis and Futuna,WLF,1959,8921
1490,Wallis and Futuna,WLF,1960,8646
1491,Wallis and Futuna,WLF,1961,8326
1492,Wallis and Futuna,WLF,1962,8173
1493,Wallis and Futuna,WLF,1963,8217
1494,Wallis and Futuna,WLF,1964,8277
1495,Wallis and Futuna,WLF,1965,8300
1496,Wallis and Futuna,WLF,1966,8324
1497,Wallis and Futuna,WLF,1967,8409
1498,Wallis and Futuna,WLF,1968,8521
1499,Wallis and Futuna,WLF,1969,8675
1500,Wallis and Futuna,WLF,1970,8857
1501,Wallis and Futuna,WLF,1971,9014
1502,Wallis and Futuna,WLF,1972,9160
1503,Wallis and Futuna,WLF,1973,9285
1504,Wallis and Futuna,WLF,1974,9383
1505,Wallis and Futuna,WLF,1975,9357
1506,Wallis and Futuna,WLF,1976,9426
1507,Wallis and Futuna,WLF,1977,9770
1508,Wallis and Futuna,WLF,1978,10201
1509,Wallis and Futuna,WLF,1979,10660
1510,Wallis and Futuna,WLF,1980,11139
1511,Wallis and Futuna,WLF,1981,11642
1512,Wallis and Futuna,WLF,1982,12163
1513,Wallis and Futuna,WLF,1983,12525
1514,Wallis and Futuna,WLF,1984,12688
1515,Wallis and Futuna,WLF,1985,12822
1516,Wallis and Futuna,WLF,1986,12956
1517,Wallis and Futuna,WLF,1987,13085
1518,Wallis and Futuna,WLF,1988,13224
1519,Wallis and Futuna,WLF,1989,13364
1520,Wallis and Futuna,WLF,1990,13503
1521,Wallis and Futuna,WLF,1991,13654
1522,Wallis and Futuna,WLF,1992,13799
1523,Wallis and Futuna,WLF,1993,13949
1524,Wallis and Futuna,WLF,1994,14084
1525,Wallis and Futuna,WLF,1995,14222
1526,Wallis and Futuna,WLF,1996,14340
1527,Wallis and Futuna,WLF,1997,14438
1528,Wallis and Futuna,WLF,1998,14553
1529,Wallis and Futuna,WLF,1999,14675
1530,Wallis and Futuna,WLF,2000,14804
1531,Wallis and Futuna,WLF,2001,14931
1532,Wallis and Futuna,WLF,2002,15048
1533,Wallis and Futuna,WLF,2003,15071
1534,Wallis and Futuna,WLF,2004,14916
1535,Wallis and Futuna,WLF,2005,14635
1536,Wallis and Futuna,WLF,2006,14333
1537,Wallis and Futuna,WLF,2007,14020
1538,Wallis and Futuna,WLF,2008,13706
1539,Wallis and Futuna,WLF,2009,13436
1540,Wallis and Futuna,WLF,2010,13189
1541,Wallis and Futuna,WLF,2011,12942
1542,Wallis and Futuna,WLF,2012,12709
1543,Wallis and Futuna,WLF,2013,12500
1544,Wallis and Futuna,WLF,2014,12328
1545,Wallis and Futuna,WLF,2015,12185
1546,Wallis and Futuna,WLF,2016,12057
1547,Wallis and Futuna,WLF,2017,11945
1548,Wallis and Futuna,WLF,2018,11827
1549,Wallis and Futuna,WLF,2019,11711
1550,Wallis and Futuna,WLF,2020,11640
1551,Wallis and Futuna,WLF,2021,11590
1552,Wallis and Futuna,WLF,2022,11501
1553,Wallis and Futuna,WLF,2023,11394
